,ANN,ModifiedProEnergy
mse,401.09314004249364,9878.817746665203
rmse,20.027309855357352,99.3922418836863
mae,15.094371157821946,80.37783320639318
r2,0.9867435579274848,0.6734973448069252
